<?xml version="1.0" encoding="UTF-8"?>
<project-private xmlns="http://www.netbeans.org/ns/project-private/1">
    <editor-bookmarks xmlns="http://www.netbeans.org/ns/editor-bookmarks/2" lastBookmarkId="0"/>
    <open-files xmlns="http://www.netbeans.org/ns/projectui-open-files/2">
        <group>
            <file>file:/C:/Users/Joaov/OneDrive/Área%20de%20Trabalho/MineCraft2D/src/minecraft2d/Janela.java</file>
            <file>file:/C:/Users/Joaov/OneDrive/Área%20de%20Trabalho/MineCraft2D/src/minecraft2d/MineCraft2D.java</file>
            <file>file:/C:/Users/Joaov/OneDrive/Área%20de%20Trabalho/MineCraft2D/src/minecraft2d/MyPanel.java</file>
        </group>
    </open-files>
</project-private>
